#,召唤师,段位,LP,常用英雄,等级,胜场,负场,胜率
1,LOVE3001#lolxd,Challenger,1543,万花通灵/琴瑟仙女/牛头酋长,165,354,263,57%
2,Berik#haru,Challenger,1400,刀锋之影/傲之追猎者/破败之王,950,275,198,58%
3,TWITCH ELOSANTA#1111,Challenger,1400,死亡颂唱者/复仇焰魂/赏金猎人,550,214,149,59%
4,我依然是世一上#我不骗人,Challenger,1288,无双剑姬/机械公敌/铁血狼母,129,300,169,64%
5,Dun#NA1,Challenger,1242,奥术先驱/暗黑元首/惩戒之箭,539,296,224,57%
6,LP Yoinker XD#NA1,Challenger,1222,永猎双子/虚空掠夺者/涤魂圣枪,289,153,74,67%
7,huncho#RANK1,Challenger,1199,铁血狼母/战争之影/法外狂徒,306,229,151,60%
8,MunchyPunchyLOL#TTV1,Challenger,1168,无极剑圣/傲之追猎者/德玛西亚皇子,828,199,144,58%
9,EDG Viper#NA11,Challenger,1155,圣枪游侠/祖安花火/探险家,51,160,74,68%
10,Feint#7993,Challenger,1130,不破之誓/探险家/戏命师,747,464,462,50%
11,dusklol#000,Challenger,1126,元素女皇/虚空掠夺者/德玛西亚皇子,489,162,69,70%
12,Deoxys#Lotus,Challenger,1125,刀锋舞者/虚空之眼/离群之刺,406,171,137,56%
13,胖小海#na2,Challenger,1122,暗裔剑魔/法外狂徒/百裂冥犬,112,230,191,55%
14,was#10000,Challenger,1120,放逐之刃/离群之刺/影流之主,437,219,177,55%
15,PENGUIN L#NA1,Challenger,1110,愁云使者/冰霜女巫/铸星龙王,483,244,161,60%
16,mrbleetoe#ryann,Challenger,1108,猩红收割者/不屈之枪/奥术先驱,870,249,171,59%
17,Bad Apple#2nd,Challenger,1097,虚空女皇/影流之镰/离群之刺,165,468,371,56%
18,vem#iwnl,Challenger,1093,炼金术士/魔法猫咪/迅捷斥候,66,88,41,68%
19,ScrubNoob#Red,Challenger,1084,傲之追猎者/龙血武姬/永恒梦魇,143,184,96,66%
20,never wipe#mybut,Challenger,1078,放逐之刃/沙漠皇帝/离群之刺,253,146,105,58%
21,Will#NA12,Challenger,1070,未来守护者/铁血狼母/解脱者,1037,367,268,58%
22,AllPro#Senna,Challenger,1059,风暴之怒/涤魂圣枪/麦林炮手,194,450,398,53%
23,DOOM DADA#9762,Challenger,1051,铸星龙王/奥术先驱/潮汐海灵,421,253,205,55%
24,dog region#223,Challenger,1044,盲僧/铁血狼母/法外狂徒,70,273,141,66%
25,spider man#2383,Challenger,1044,铁血狼母/百裂冥犬/未来守护者,236,193,145,57%
26,duoking1#2r1s7,Challenger,1042,荆棘之兴/涤魂圣枪/牛头酋长,799,213,152,58%
27,Petricite#Sylas,Challenger,1021,解脱者/破败之王/不屈之枪,882,297,217,58%
28,FREE PALESTINE#humzh,Challenger,996,荣耀行刑官/圣枪游侠/探险家,687,317,301,51%
29,WmXn Le#NA01,Challenger,993,时间刺客/德玛西亚皇子/破败之王,526,125,110,53%
30,White Canyon#Ken,Challenger,975,盲僧/德玛西亚皇子/永恒梦魇,347,543,476,53%
31,Zamudo#NA1,Challenger,972,未来守护者/兽灵行者/法外狂徒,984,116,63,65%
32,Spawn#NA3,Challenger,967,探险家/戏命师/英勇投弹手,768,318,247,56%
33,Aeon#NA3,Challenger,966,未来守护者/盲僧/铁血狼母,1080,283,250,53%
34,888#NA2,Challenger,959,不祥之刃/封魔剑魂/解脱者,677,70,39,64%
35,snarkyy#krule,Challenger,959,符文法师/发条魔灵/暗黑元首,722,246,196,56%
36,Wistfully#663,Challenger,954,无畏战车/虚空恐惧/暴怒骑士,1331,533,464,53%
37,Adrian Riven#SF6,Challenger,952,放逐之刃/英勇投弹手/荒漠屠夫,655,296,241,55%
38,薛定谔的猫#888,Challenger,952,无极剑圣/正义巨像/熔岩巨兽,598,302,245,55%
39,white space#kimmy,Challenger,946,未来守护者/机械公敌/铁血狼母,391,442,364,55%
40,Bazz#99999,Challenger,938,戏命师/英勇投弹手/探险家,893,215,147,59%
41,tangy#2007,Challenger,938,德玛西亚之翼/影哨/百裂冥犬,641,200,156,56%
42,KATAWOLFF S16#11111,Challenger,933,无双剑姬/永猎双子/刀锋舞者,134,531,485,52%
43,Xaple#NA1,Challenger,928,血港鬼影/不屈之枪/天启者,941,306,235,57%
44,Cole Caufield#MTL,Challenger,927,铁血狼母/暗裔剑魔/盲僧,275,195,118,62%
45,林崇怡#我爱你,Challenger,926,炽炎雏龙/英勇投弹手/不破之誓,366,156,127,55%
46,Erick Dota#Erick,Challenger,923,暮光星灵/流光镜影/魔蛇之拥,1798,282,262,52%
47,一猛一#剑 来,Challenger,922,不屈之枪/岩雀/探险家,129,248,188,57%
48,Kers#Mint,Challenger,921,未来守护者/暗夜猎手/冰晶凤凰,53,185,76,71%
49,BOROS#2ppl,Challenger,920,无双剑姬/未来守护者/傲之追猎者,609,442,403,52%
50,CaptBear#NA1,Challenger,918,暴怒骑士,883,261,198,57%
51,Yuu13#137,Challenger,912,百裂冥犬/法外狂徒/德玛西亚皇子,723,274,211,56%
52,Trisend3#NA1,Challenger,912,暗黑元首/发条魔灵/符文法师,512,333,295,53%
53,翻斗花园第一野区突破手牛爷爷#喊我一声爷,Challenger,910,费德提克/荒漠屠夫/暗裔剑魔,125,80,47,63%
54,ttv usiex#dif,Challenger,909,诡术妖姬/疾风剑豪/元素女皇,80,278,217,56%
55,Thanatoes#kr2,Challenger,908,未来守护者/铁血狼母/荒漠屠夫,221,307,219,58%
56,iron man#7541,Challenger,908,疾风剑豪/暗黑元首/正义巨像,67,170,75,69%
57,Josedeodo#NA12,Challenger,907,未来守护者/盲僧/铁血狼母,710,235,127,65%
58,Season of Leaves#Fall,Challenger,904,光辉女郎/冰晶凤凰/流光镜影,661,283,226,56%
59,HξκтιČ#dani,Challenger,903,涤魂圣枪/风暴之怒/唤潮鲛姬,250,448,368,55%
60,ily#5 13,Challenger,901,琴瑟仙女/虚空女皇/刀锋之影,366,150,48,76%
61,AnotherGanker#NA2,Challenger,899,虚空遁地兽/虚空掠夺者/皎月女神,1127,331,310,52%
62,Maxxxxxxxx#征服万物,Challenger,892,铁血狼母/百裂冥犬/暗裔剑魔,330,549,470,54%
63,Viable#NA2,Challenger,882,寒冰射手/祖安花火/虚空之女,1110,288,252,53%
64,monkey30000#Lyff,Challenger,879,英勇投弹手/探险家/爆破鬼才,1408,197,150,57%
65,Rabbit#Owen,Challenger,877,暴走萝莉/酒桶/探险家,719,367,365,50%
66,bountyxd#777,Challenger,875,天启者/深海泰坦/牛头酋长,211,192,158,55%
67,Sushee#NA1,Challenger,874,暗夜猎手/不破之誓/圣枪游侠,1482,285,225,56%
68,TTVHEXerathtv#xerth,Challenger,871,远古巫灵/深渊巨口/皮城女警,149,410,322,56%
69,Tactical0#NA1,Challenger,870,探险家/不破之誓/英勇投弹手,497,155,103,60%
70,Rustgod12#00000,Challenger,870,狂野女猎手/涤魂圣枪/深海泰坦,818,291,257,53%
71,SτΨαi#STR,Challenger,869,双界灵兔/星界游神/未来守护者,616,187,160,54%
72,Exuan#xyi,Challenger,868,影流之镰/德邦总管/虚空掠夺者,661,274,239,53%
73,Nikkone#NA1,Challenger,867,费德提克/虚空掠夺者/战争之影,984,221,164,57%
74,Kenvi#000,Challenger,867,未来守护者/法外狂徒/铁血狼母,540,343,273,56%
75,Skyy#NA11,Challenger,867,符文法师/流光镜影/双界灵兔,516,478,419,53%
76,fliptik#skbdi,Challenger,866,青钢影/狂战士/荒漠屠夫,859,462,398,54%
77,SilentRestraint#999,Challenger,863,兽灵行者/潮汐海灵/法外狂徒,68,201,150,57%
78,pentaless#NA4,Challenger,863,雪原双子/上古领主/亡灵战神,92,192,144,57%
79,Rhaastie#fan,Challenger,863,放逐之刃/铁血狼母/暗夜猎手,400,309,241,56%
80,JotaroKujo#NA2,Challenger,860,影流之主/虚空之眼/未来守护者,222,216,162,57%
81,Zven#S16XD,Challenger,859,探险家/英勇投弹手/不破之誓,1242,304,222,58%
82,gh434#yone,Challenger,855,封魔剑魂/疾风剑豪/虚空之女,70,190,158,55%
83,Levitate#1v9,Challenger,854,炽炎雏龙/英勇投弹手/涤魂圣枪,737,249,200,55%
84,qi song#0204,Challenger,854,亡灵战神/永恒梦魇/虚空遁地兽,219,337,316,52%
85,trapped inside#NA1,Challenger,845,残月之肃/探险家/麦林炮手,268,216,137,61%
86,Zwag#Faker,Challenger,844,远古巫灵/时光守护者/复仇焰魂,275,96,74,56%
87,Sym#Sym,Challenger,841,暗黑元首/离群之刺/符文法师,1223,197,182,52%
88,DaddyVladdy#BIG,Challenger,840,猩红收割者/天启者/封魔剑魂,470,281,170,62%
89,FeedaBoi#NA1,Challenger,838,暴怒骑士/荒漠屠夫/百裂冥犬,863,118,64,65%
90,reflex#002,Challenger,836,放逐之刃/亡灵战神/正义天使,61,200,93,68%
91,HHH8N#H8N,Challenger,834,战争女神/圣枪游侠/皮城女警,561,87,68,56%
92,for river#lily,Challenger,833,虚空掠夺者/法外狂徒/影流之主,617,149,85,64%
93,mars#focus,Challenger,831,元素女皇/暮光星灵/解脱者,157,308,211,59%
94,TTVbigserori#rank1,Challenger,830,不祥之刃/远古巫灵/邪恶小法师,144,340,334,50%
95,LegitKorea#NA1,Challenger,829,九尾妖狐/发条魔灵/暗黑元首,762,281,203,58%
96,cyw#NA1,Challenger,828,虚空之眼/皮城女警/潮汐海灵,461,139,79,64%
97,Boybebui#NA1,Challenger,827,翠神/探险家/唤潮鲛姬,53,160,92,63%
98,宿命敲#lumi,Challenger,826,暴走萝莉/探险家/皮城女警,106,125,81,61%
99,Flow#THZ,Challenger,826,发条魔灵/沙漠皇帝/冰晶凤凰,1141,308,279,52%
100,Omi#Brooo,Challenger,826,虚空之女/戏命师/探险家,362,198,133,60%
